{
    "accuracy": 0.6935975609756098,
    "precision": 0.6442953020134228,
    "recall": 0.39344262295081966,
    "f1_score": 0.48854961832061067
}
